0,Ube4a
1,Tmub1
2,Taok3
10,Ager
14,Spop
15,Cirbp
16,Plscr1
17,Foxred2
18,Crhbp
19,Ruvbl1
21,Comt
22,Dnajb2
23,Prkra
24,Eid3
27,Smc1a
30,Clu
32,Fgf10
33,Eif2s1
39,Pak3
40,Ogt
41,Unc5cl
42,Ruvbl2
44,Slx4
51,Zfp709
52,Ube2g2
55,Nop53
59,Polh
65,Ripk2
71,Htra2
76,Map4k3
77,Cebpb
80,Rsl1d1
81,Tfap4
82,Cdk1
84,Polk
89,Ube2k
90,Pdgfra
91,Ncor1
92,Angptl4
93,Trpc2
94,Ybx3
96,Rgma
97,Zmynd11
98,Ube2u
99,Calr
101,Cebpg
102,Gpr37l1
103,Srxn1
104,Btk
105,Hspa1a
106,Ssrp1
108,Stradb
109,Ptk2b
112,Tbx2
113,Sqstm1
114,Rtel1
120,Os9
125,Ero1l
128,Spo11
130,Smc2
132,Ankrd6
133,Prdx2
136,Mgme1
139,Parp3
143,St8sia1
144,Stk3
145,Cdk5rap3
147,Mtor
152,Dkk1
153,Brf2
154,Msh5
157,Atf4
173,Rpain
174,Ass1
175,Sel1l
179,Nprl3
181,Ypel3
182,Clec16a
183,Trip13
185,Arnt
186,Pdcd6
187,App
188,Apoe
190,Apoa4
192,Pea15a
193,Tnf
200,Apoa1
202,Apex1
208,Stk10
209,Rad51b
214,Apc
215,Prkdc
224,Cdk2
226,Dnajb12
228,Dnajb1
229,Cdkn2a
237,Aida
243,Msh3
252,Bhlha15
254,Dnaja1
257,Ulk1
260,Spag9
261,Epha4
264,Ufc1
265,Ercc4
279,Ppargc1a
280,Klf2
283,Wdr24
284,Uba7
285,Serinc3
286,Tldc1
287,Ern2
291,Xrcc3
296,Exo1
300,5730559C18Rik
301,Tipin
305,Fbxo2
306,Aifm1
307,Cops5
309,Mtmr3
310,Hrk
311,Dapk1
312,Dab2ip
318,Ap5s1
321,Helb
327,Vkorc1l1
328,Lep
330,Rora
331,Ube2e2
332,Tgfbr3
333,Pmaip1
338,Mdfic
339,Txndc2
340,Map4k4
343,Bcl10
344,Eif2b5
345,Zfp580
346,Atg7
352,Parp16
354,Tlk1
355,Mif
360,Fgd2
361,Cd36
364,Creb3l1
369,Cdc42se1
370,Hk2
371,Pcsk9
373,Wdr48
375,Mapkbp1
376,Adam8
377,Cul4a
381,Cinp
383,AI314180
384,Nprl2
387,Wnt2b
388,Dusp15
389,Uchl5
391,Ube2t
394,Creb3l2
395,Ccdc47
397,Rnaseh2b
398,Fan1
405,Cpeb2
408,Clspn
412,Skil
413,Mnat1
415,Cdc42
416,Tonsl
417,Tmx1
419,Prpf19
423,Stk26
426,Gadd45a
430,Aup1
432,Rev1
436,Serp2
437,Gadd45b
439,Apbb1
445,Gfer
446,Atg14
449,Casp3
452,Tmx3
453,Casp4
454,Bfar
456,Nucks1
458,Psmc6
459,Romo1
460,Nf1
461,Vash1
462,Gm6811
463,Hspb1
465,Kptn
467,Hsf1
476,Tnfaip3
477,Foxm1
484,Hras
486,Foxa3
487,Trpa1
489,Map3k13
491,Ppp1r15b
495,Vps13c
496,Kat7
497,Ern1
509,Get4
510,Pml
520,Rnase4
521,Cpeb4
522,Bcap31
524,H2afx
529,Bcl2a1a
530,Smarcal1
532,Dek
534,Asns
535,Kcnd2
536,Atf3
539,Pla2g6
540,Batf
542,Xab2
545,Hp1bp3
546,Kcnk2
547,Ufd1
549,Ung
554,Rev3l
558,Atf2
561,Eya1
566,Eya2
569,Ubxn8
570,Eya3
575,Brca2
588,Phlpp1
592,Bnip3
596,Eya4
599,Hmox1
602,Hmga1
603,Hmgcr
604,Pcbp4
605,Rad18
611,Uggt2
613,Cd44
617,Cd40lg
618,Slc12a6
620,Tmem161a
623,Cd34
625,Cd27
626,Rfwd3
632,Neil3
638,Ccnd1
641,Topors
645,Eif2ak4
681,Nupr1l
683,Rnf139
684,Atg5
687,Senp2
688,Cdk6
689,Snca
690,4930447C04Rik
691,Gtf2h3
694,Prmt1
695,Smurf1
696,Gabarap
697,Brsk2
699,Zranb3
701,Pde8a
702,Uvssa
705,Pyroxd1
706,Rcsd1
707,Npm1
710,Mybbp1a
711,Mir29b-2
712,Swsap1
716,Mir100
717,Pcgf2
718,Yy1
722,Xpa
735,Edem1
740,Xrcc2
746,Gm7356
747,Xrcc4
757,Exd2
760,Nsd2
761,Bmpr1a
762,Rnf121
764,Nfe2l2
778,Gm5174
779,Txnl1
780,Msh4
781,Rnf5
785,Meiob
787,Pidd1
789,Gfral
790,Rps6ka6
791,Rpl26
796,Brsk1
798,Sbk2
799,Sirt6
801,Rfc1
802,Rad51
815,Slc52a3
816,Rnf8
823,Rap2a
824,Npas4
825,Derl3
828,Pdia6
829,Rad54l
835,Socs5
836,Ywhae
837,Bach1
839,Irak1
842,Endog
843,Terf2ip
846,Ino80d
848,Actr8
850,Chchd2
851,Pick1
852,Ube2w
855,Atg10
856,Usp28
861,Gskip
862,Mir204
863,Carlr
864,Mb21d1
866,Erlec1
870,Mfn2
871,Plekha1
872,Mta1
874,Rad51c
878,Dvl2
880,Ticrr
882,Ddrgk1
883,Dusp3
885,Tpt1
886,Dgkz
887,Bcl2a1c
888,Bcl2a1b
889,Bcl2a1d
890,Epc2
892,Srf
893,Emsy
895,Oraov1
898,Zbtb40
900,Fbxo45
901,Dnajc3
906,Bax
915,Becn2
916,Pak7
917,Ing4
918,Phf1
919,Map3k21
921,Cdc42ep5
922,Cntf
925,Wdr59
926,Uaca
928,Tank
929,Nsmce4a
930,Ifng
931,Rrm2b
933,Ints3
935,Kars
936,Fancl
938,Rrp8
940,Tnfsf11
942,Rbbp6
943,Zfp830
944,Trib3
946,Mylk
947,Edem3
950,Gtf2h2
954,Atp2a2
955,Mars
956,Kat6a
957,Nfrkb
959,Bmp2
960,Rbm38
962,Ccno
963,Rnf138
967,Sgk1
968,Creb3
971,Smg1
973,Lamb2
974,Cav3
975,Slu7
976,Zfp365
977,Arpp21
978,Rps3
987,Vangl2
988,Gata6
989,Sdhd
990,Fignl2
991,Chordc1
992,Nudt16l1
993,Gtf2h5
998,Cul5
999,Thbs1
1001,Rad9b
1004,Coq7
1005,Atm
1023,Ripor1
1024,Nudt16
1025,Poll
1034,Babam2
1039,Ikbke
1041,Mlh3
1045,Mbd4
1049,Dtl
1052,Rad17
1057,Nr4a2
1058,Strada
1059,Seh1l
1060,Aplf
1065,Slc39a5
1066,Prdx1
1069,Anks4b
1070,Bcl6
1072,Relb
1073,Serpinf2
1074,Usp1
1077,Psme4
1079,Sin3a
1080,Svip
1082,Stxbp4
1083,Tdp2
1086,Zbtb4
1087,Adm
1088,Nhej1
1095,Cenpx
1098,Sfrp2
1099,Crhr2
1100,Hdac5
1101,Ccs
1103,Mgmt
1110,Suv39h1
1112,Met
1115,Mdm2
1117,Zdhhc16
1118,Errfi1
1119,Tmem67
1121,Tldc2
1122,Cdkn1a
1130,Brca1
1141,Smok3a
1142,Xrcc5
1149,Mrnip
1154,Mir199a-2
1155,Mms22l
1158,Neil1
1162,Man1b1
1165,Opa1
1168,Lonp1
1169,Prdx5
1170,Usp16
1171,Trpc6
1172,Lyn
1175,Stac
1176,Usp10
1180,Sycp3
1182,Pdx1
1183,Tlr4
1188,Anxa1
1189,Creb3l4
1190,Rwdd1
1191,Cxcl12
1192,Xpc
1201,Bod1l
1203,Mael
1205,Erlin2
1208,Ap5z1
1211,Hbb-b1
1212,Ceacam1
1214,Axl
1215,Map1lc3b
1217,Kdm4d
1220,Ercc6
1233,Txndc8
1234,Dyrk1a
1235,Neo1
1237,Fbxo22
1238,Eda2r
1240,Sirt2
1245,Pla2r1
1247,Nfatc2
1248,Ppargc1b
1249,Fgf14
1250,Fgf12
1251,Brip1
1255,Paxx
1259,Dab2
1260,Rbbp7
1262,Epas1
1266,Gngt1
1267,Lig3
1281,Rasgrf2
1282,Prkaa1
1283,Pttg1ip
1284,Spidr
1289,Psmc1
1290,Mum1
1292,Rnf168
1296,Zswim7
1299,Slc8a3
1300,Adprhl2
1301,Slc8a1
1303,Rhob
1304,Zfp36l1
1307,Ezh2
1308,Rfc3
1309,Ing2
1310,Selenok
1311,Pycard
1313,Fzr1
1316,Babam1
1321,Ptger4
1322,Rpa1
1329,D330045A20Rik
1330,Edem2
1336,Stt3b
1337,Moap1
1338,Zkscan3
1339,Msh6
1351,Nphs1
1352,Tmco1
1353,Dtnbp1
1354,Polr2d
1355,Kras
1356,Kin
1359,Ube2v1
1360,Kcnc2
1361,Faap24
1364,Ddah1
1365,Jun
1369,Endov
1370,Jak2
1372,Itpr1
1373,Ascc3
1376,Fnip1
1377,Uvrag
1381,Rtn4rl2
1382,Usp3
1384,Ep300
1386,Klf4
1389,Rwdd3
1391,Nfatc4
1393,Morf4l2
1395,Ube2a
1398,Cdk7
1400,Ube2b
1403,Xrn2
1404,Wrn
1413,Insig1
1415,Matn2
1416,Plk3
1419,Nck1
1430,Tnik
1432,Igh-7
1433,Mcts1
1434,Igf1r
1436,Rint1
1437,Spdya
1438,Ctc1
1439,Pomt2
1440,Macrod1
1441,Tirap
1443,Fancg
1446,Trib1
1447,Rtn4
1448,Setd7
1449,Ccng1
1450,Rbm4
1451,Ralb
1452,Polg2
1453,Dixdc1
1454,Pten
1457,Bdkrb2
1459,Ptgis
1460,Map3k9
1462,Bak1
1468,Ackr3
1469,Psmc2
1470,Cdc37
1471,Id2
1472,Pink1
1484,1810043G02Rik
1485,Pafah1b1
1486,Aqp3
1487,Tfec
1488,Arl6ip5
1490,G6pdx
1491,Gpr37
1492,Hdac6
1498,Nthl1
1505,Rbm17
1506,Sycp1
1508,Prmt6
1511,Fer
1512,Chuk
1513,Slc39a4
1514,Mef2c
1515,Mc1r
1516,Ercc8
1521,Esco2
1522,Nfe2l1
1523,Rhno1
1525,Primpol
1528,Mink1
1530,Chek2
1544,Atp7a
1546,Ddb2
1551,Scly
1552,Sesn1
1554,Dot1l
1556,Nme5
1557,Mtr
1559,Mios
1560,Fam168a
1561,Dnajc10
1566,Ncoa6
1567,Hif1an
1568,Tert
1570,Fancm
1572,Crebrf
1574,Ctnnb1
1575,Hnrnpk
1576,Cbs
1578,Prr5l
1579,Akr1c18
1580,Prkd1
1583,Thoc1
1584,Ints7
1586,BC048403
1588,Cdkn3
1589,Hk3
1590,Nqo1
1592,Gm14147
1593,Neil2
1598,Slc30a10
1599,Atmin
1600,Tpd52l1
1601,Tfpt
1603,Mpv17
1604,Mpo
1605,Trp73
1612,Ulk4
1614,Ppp2cb
1615,Arhgef5
1616,Rtn4r
1617,Selenos
1623,Fut8
1624,Tmem109
1625,Mettl3
1626,Exo5
1629,Nsmce2
1633,Impact
1640,Cadps2
1641,Rad51ap1
1647,Ikbkg
1649,Cdc45
1650,Higd1a
1655,Tcim
1657,Hic1
1660,Triap1
1662,Mpg
1666,Slc2a4
1668,Nol3
1672,Nrros
1673,Mmp3
1674,Mmp2
1675,Uba1y
1676,Szt2
1679,Gm6729
1680,Pik3c3
1682,Rraga
1684,H13
1685,Fzd10
1686,Gstp1
1691,Gstm2
1692,Sirt1
1711,Map1lc3a
1713,Rassf2
1714,Zmat3
1715,Scn2a
1716,Rnf185
1721,Snai2
1723,Tpr
1725,Prkce
1726,Prkcd
1731,Prkaca
1732,Pik3r1
1737,Baz1b
1738,Akr1b3
1740,Oxsr1
1742,Atp13a2
1744,Pgk1
1745,Smc4
1747,Sash1
1749,Ect2
1750,Eif2ak2
1755,Eif2ak1
1758,Egr1
1759,Pck1
1760,Zfp277
1762,Egln3
1763,Rnf34
1764,Igf2bp1
1765,Atf6b
1767,Nek11
1768,Marveld3
1769,Rbl1
1770,Gm20521
1771,Eepd1
1772,Faap20
1777,Rif1
1786,Gas2l1
1787,Chek1
1800,Rragd
1802,Reg3b
1803,Mcm10
1804,Ino80b
1806,P4hb
1811,Oprm1
1812,Oprk1
1813,Oprd1
1814,Grem1
1815,Smc6
1820,Ddb1
1825,Rnf111
1827,4921509C19Rik
1828,Myo6
1829,Ptgs2
1832,Pms1
1833,Itch
1834,Psap
1835,Usp47
1840,Shprh
1842,Bclaf1
1844,Nck2
1851,Pold1
1859,Polb
1870,Rnf126
1871,Mir874
1872,Dmc1
1874,Cdkn2d
1876,Prrx1
1877,Mapkapk5
1878,Immp2l
1879,Glrx
1880,Pagr1a
1881,Syvn1
1891,Uimc1
1898,Klk8
1899,Rtn4rl1
1900,Gtf2h1
1903,Spata22
1904,Apaf1
1905,Cited2
1906,Gigyf2
1907,Mapk8ip3
1911,Cbx8
1912,Mdc1
1914,Pttg1
1916,Tor1a
1917,Fam162a
1920,Dzip3
1923,Plk1
1924,Plcb1
1925,Hsf3
1926,Mcmdc2
1932,Mir7b
1933,Apex2
1937,Tlr9
1938,Mir434
1939,Hipk2
1943,Rnaseh2a
1945,Lig1
1951,Rptor
1952,Uba5
1953,Pold4
1956,Tex12
1958,Mcl1
1962,Nbr1
1963,Hmga2
1965,Cfl1
1966,Casr
1967,Pdcd10
1969,Ralbp1
1970,Fzd8
1971,Pcna
1979,Cpeb1
1981,Map3k14
1982,Egfr
1985,Cdca5
1987,Edn1
1988,Fkbp1b
1989,Tiprl
1990,Epha2
1991,Derl1
1997,Ubxn4
1998,Jkamp
1999,Igbp1
2000,Shisa5
2001,Setd2
2005,Usp33
2006,Map3k20
2009,Dtx3l
2013,Tmem117
2014,Mcm8
2018,Cdip1
2019,Fgf15
2020,Arntl
2022,Atg4b
2023,Mgst1
2024,Pnkp
2028,Diablo
2029,Stoml2
2030,Nuak1
2032,Rhoa
2033,Ephb1
2034,Vapb
2036,Axin1
2043,Lars
2045,Wrnip1
2048,Ntrk3
2049,Cenps
2053,Fbxw7
2056,Vrk2
2057,Polr2i
2058,Pnp
2060,Notch1
2061,Nos3
2062,Nabp2
2066,Slc25a24
2067,Ajuba
2068,Nkx3-1
2070,Stk11
2072,Rfc2
2073,Aunip
2075,Osr1
2076,Rb1cc1
2077,Ngfr
2078,Nefl
2079,Nefh
2080,Eif2ak3
2114,Nek1
2118,Nox1
2122,Fanca
2124,Rad1
2128,Wdr76
2130,Armt1
2132,Kat5
2134,Nme8
2135,Gm4922
2136,Thbs4
2137,Dusp22
2138,Taok2
2145,Hand2
2146,Ercc5
2152,Fndc1
2153,Sprtn
2158,Zc3h12a
2162,Ubr5
2166,Casp2
2167,Ncf1
2170,Myod1
2171,Insig2
2172,Ccdc88c
2173,Nexmif
2174,Gnl1
2175,Vcp
2185,Gstm7
2186,Slc2a1
2187,Glul
2188,Tlk2
2189,Ddx39
2190,Npepps
2191,Agap3
2193,Klf10
2194,Nrbp1
2195,Dnajb9
2197,Dna2
2202,Lrig2
2205,Psmc4
2206,Ptprk
2207,Tiam1
2208,Rad23a
2211,Rad23b
2215,Fxn
2217,Etv5
2218,Aqp2
2220,Tnr
2221,Sesn2
2230,Swi5
2235,Gfap
2236,Rpa3
2243,Gdf6
2244,Macrod2
2245,Ccdc13
2246,Fcor
2248,Gch1
2249,Gba
2251,Gata4
2252,Gas6
2253,Itfg2
2255,Map4k2
2258,Map4k1
2259,Map3k12
2260,Map3k11
2268,Map3k10
2272,Map3k8
2273,Map3k7
2274,Map3k5
2288,Map3k4
2292,Map3k3
2293,Map3k2
2294,Map3k1
2299,Map2k7
2306,Map2k6
2307,Serpinb6a
2308,Erlin1
2311,Rad54b
2316,Rbbp5
2317,Ttc5
2319,Bok
2323,Map4k5
2324,Rad52
2335,Hnrnpd
2336,E2f1
2338,Parp2
2341,Mlh1
2363,Tnc
2364,Mcrs1
2366,F2rl1
2369,Stk39
2371,Fcgr2b
2374,Fcer1a
2375,Recql5
2379,Aen
2381,Alkbh2
2384,Fas
2388,Ptk2
2389,Fancc
2395,Fabp1
2397,Pclaf
2400,Col4a3bp
2401,Trap1
2402,Mecom
2403,Smarcad1
2406,Nacc2
2407,Ccl19
2409,Slx1b
2412,Chaf1a
2414,Cartpt
2416,Ercc3
2422,Ercc2
2429,Ercc1
2450,Pold3
2453,Nrk
2454,Epor
2455,Epo
2457,Kmt5a
2458,Slamf1
2459,Atrx
2462,Ddx3x
2463,Tmem259
2465,Stat6
2466,Recql
2467,Ccr7
2468,Selenon
2470,Gm29094
2471,Ppard
2472,Smok3b
2473,Fads1
2474,Ercc6l2
2478,Nrbf2
2479,Mir214
2480,Ptprf
2482,Mir137
2483,Nupr1
2484,Rbx1
2486,Becn1
2489,Ddit4
2490,Psmd14
2494,Tnfrsf11a
2495,Per1
2497,Pak2
2498,Pak1
2500,Myh13
2501,Bmf
2502,Axin2
2503,Gck
2504,Magi3
2506,Cry1
2508,Rpa2
2518,Mcm9
2523,Capn3
2524,Xdh
2525,Xbp1
2544,Ankle1
2548,Pds5a
2549,Wnt7b
2551,Wnt7a
2552,Zfp976
2553,Wnt5a
2558,Wnt4
2559,Wnt1
2561,Klhl15
2563,Rec8
2564,Vldlr
2565,Ezr
2566,Vav3
2567,Omg
2569,Tmx4
2570,Rfc4
2571,Ndnf
2572,Map2k4
2578,Map2k3
2579,Map2k2
2581,Map2k1
2585,Mapk14
2592,Mapk10
2597,Mapk9
2608,Mapk8
2623,Derl2
2628,Mapk3
2634,Mapk1
2639,Eif4ebp1
2640,Slk
2641,Herc2
2643,Vhl
2645,Dsc2
2646,Rragb
2649,Hdac2
2650,3110062M04Rik
2654,Tlr6
2656,Pot1b
2658,Nuak2
2661,Smyd2
2662,Etaa1
2665,Ino80
2671,Fos
2672,Tdp1
2679,Smok2a
2680,Folr1
2681,Fmr1
2685,Flt4
2686,Depdc5
2688,Arhgef10l
2689,Ddx11
2692,Ctgf
2693,Dusp19
2698,Fgfr3
2699,Trpv4
2709,Fgf1
2710,Fech
2712,Sod3
2714,Ambra1
2715,Vegfa
2718,Chd1l
2721,Ccar2
2724,Slc12a1
2725,Tnfrsf1a
2726,Hipk3
2727,Stk25
2730,Fbxo31
2732,Brat1
2733,Ptpn11
2734,Syk
2735,Jmy
2738,Usp14
2739,Pawr
2741,Nek6
2743,Sh3rf1
2744,Pdk3
2745,Cyp1b1
2748,Pithd1
2749,Cybb
2750,Stox1
2753,Ube2d3
2755,Ctla4
2756,Nod1
2758,Crygd
2759,Tmtc3
2760,Cryab
2761,Ccnk
2762,Crk
2763,Crip1
2765,Cib1
2767,Ash2l
2768,Zeb2
2769,Agr2
2771,Nek4
2776,Hus1b
2780,Nbn
2790,Tpbpa
2791,Top2b
2793,Top2a
2794,Fbxo18
2799,Parp1
2814,Thy1
2816,Sfrp1
2817,Tgfb2
2818,4933438K21Rik
2819,Braf
2821,Bmp4
2822,Trim13
2823,Slc9a1
2824,Bcl3
2827,Gpx1
2830,Gpx5
2831,Bcl2l1
2833,Bcl2
2840,Ltbr
2841,Uba6
2842,Nsmce3
2844,Bnip3l
2845,Pdia4
2846,Meioc
2847,Brcc3
2853,Hnrnpl
2854,Ier3
2859,Src
2861,Dap
2863,Spp1
2864,Cdkn2aip
2865,Sox4
2867,Xylt1
2869,Rnf152
2871,Sod2
2886,Snai1
2888,Slc35a4
2889,Dhfr
2891,Steap3
2892,Trp53inp1
2893,Pms2
2906,Ankrd1
2907,Bcl2l10
2908,Dusp10
2915,Ppp1r15a
2924,Ube4b
2926,Trp63
2931,Taok1
2937,Arg2
2938,Ano1
2939,Mir29c
2940,Mir30b
2941,Sfr1
2945,Zfp385a
2948,Bag3
2950,Ins2
2953,Inhbb
2954,Hinfp
2956,Alkbh3
2959,Tnfrsf19
2960,Il6
2961,Il3
2963,Gins2
2964,Nr2c2
2965,Il1rn
2966,Il1b
2973,Il1a
2976,Nr4a3
2978,Cd74
2982,Rbpj
2983,Chac1
2984,Mapkap1
2985,Fzd1
2986,Slc11a2
2987,Pds5b
2988,Mbtps2
2991,Marf1
2992,Fktn
2993,Ogg1
3006,Mapk8ip2
3009,Otub1
3011,Net1
3012,Hmgn1
3014,Amfr
3018,Hmgb1
3020,Gm7168
3021,Kdm1a
3024,Rad51d
3037,Cul3
3038,Pif1
3041,Atp2a1
3043,Atf6
3045,1500015O10Rik
3046,Rbbp8
3053,Ufl1
3054,Pdk1
3056,Abraxas2
3057,Mapkapk2
3059,Rad50
3063,Mid1
3064,Ier5
3066,Nudt1
3068,Trim28
3070,Clpb
3071,Mre11a
3078,Atad5
3079,Kcnk3
3080,Flot1
3081,Sema4c
3082,Dyrk2
3083,Dyrk3
3085,Ddit3
3100,Sem1
3101,Kif22
3102,Pak6
3103,Slf2
3106,Hgf
3109,Fam129a
3110,Ubac2
3111,Atpif1
3112,D7Ertd443e
3114,Atg13
3115,Tbc1d24
3116,Ror2
3118,Ifi204
3119,Oxr1
3123,Mgarp
3124,Setx
3129,Gabarapl1
3130,Recql4
3132,Nsmce1
3138,Aldh3b1
3139,Alkbh8
3140,Rapgef1
3141,Fen1
3143,Mmp9
3144,Rnf103
3145,Fmn2
3147,Trim25
3149,Commd1
3150,Nod2
3154,Cav1
3156,Huwe1
3159,Eme1
3164,Tex15
3167,Ddias
3170,Sh3glb1
3172,Rgs14
3173,Lmnb1
3174,Lmna
3175,Ube2n
3182,Psmd10
3183,Pacrg
3184,Lcn2
3185,Pold2
3187,Lamp2
3188,Taf1
3190,Hikeshi
3191,Timeless
3194,Park7
3215,Irak4
3216,Pole
3225,March6
3227,Smc3
3229,Tigar
3232,Scarf1
3233,Poli
3237,Zfp791
3238,Smok2b
3239,Zfyve26
3242,Actr5
3246,Ppif
3251,Tnks1bp1
3252,Parg
3254,Fto
3258,Cetn1
3259,Cetn2
3262,Hyou1
3266,Atr
3272,Ptprv
3274,Rgn
3275,Sdf2
3276,Rad21
3279,Aoc1
3281,Myd88
3283,Fbln5
3284,Ptpn22
3287,Uhrf1
3289,Cep164
3291,Sh2d3c
3292,Trip12
3296,Tbl2
3299,Dmap1
3300,Gstm5
3301,Mapk8ip1
3305,Rgcc
3306,Sec61b
3308,Mtss1
3309,Inip
3311,Sgta
3314,Tomm7
3315,Grina
3317,Bccip
3319,Scamp5
3320,Rad21l
3322,Sfn
3323,Ppp4r2
3324,E2f7
3326,Casp12
3331,Dlg1
3332,Ddx1
3333,Txndc11
3334,Mus81
3340,Cdc5l
3343,Pycr1
3345,Fanci
3349,Creb3l3
3352,Smok1
3353,Dnajc15
3354,Eef1e1
3356,Upf1
3357,Mir99a
3358,Mir9-1
3359,Mir29b-1
3360,Apoa5
3361,Txndc5
3362,Nono
3365,Prkg2
3366,Topbp1
3369,Park2
3381,Spred1
3382,Spred2
3383,Foxp1
3384,Myof
3385,Alox15
3386,Alb
3387,Ndel1
3388,Akt1
3392,Serp1
3393,Krt20
3394,Agt
3395,Prdx3
3397,Mad2l2
3401,Faap100
3404,Adrb2
3405,Gm14151
3406,Psen1
3407,Ubqln2
3409,Ubqln1
3414,Sirt4
3415,Usp51
3420,Abraxas1
3427,Slf1
3431,Mcm7
3432,Ccdc155
3433,Supt16
3435,Stk24
3440,Chaf1b
3442,Gcn1l1
3446,Hipk1
3447,Myc
3453,Trim32
3454,Mup1
3455,Fbxo7
3457,Foxo3
3461,Foxo1
3467,Pik3c2a
3468,Yod1
3472,Pias4
3473,Syf2
3474,Sfrp4
3475,Fgd4
3477,Ngb
3478,Bad
3481,Adam17
3482,Trpm2
3484,Cep63
3485,Xrcc6
3492,Zfyve1
3493,Mapt
3498,Mt3
3499,Pbk
3500,Usp45
3501,Rack1
3503,Fzd5
3504,Traf2
3507,Usp25
3508,Srebf1
3510,Msh2
3543,Pak4
3544,Srpx
3545,Rps27l
3549,Fzd4
3550,Smok3c
3551,Mutyh
3554,Ufm1
3556,Tmem33
3559,Plk5
3560,Dclre1a
3566,Rasgrp1
3567,Nipbl
3568,Lrrk2
3572,Oser1
3573,Vnn1
3574,Prkaa2
3576,Parp9
3580,Btg2
3581,Cradd
3582,Cflar
3583,Fancf
3585,Wnt16
3587,Uggt1
3589,Gen1
3593,Mapk7
3597,Map2k5
3598,Trex2
3601,Gadd45g
3603,Trp53bp1
3613,Susd6
3614,Thoc5
3615,Ubxn6
3616,Fbxo4
3617,Bbc3
3625,Dapl1
3626,Nabp1
3629,Tdg
3637,Ppp4c
3638,Gps2
3639,Dact1
3641,Stub1
3647,Txndc12
3648,Slc38a3
3649,Pik3r4
3650,Map3k19
3651,Trpv1
3653,Ucp1
3654,Uba1
3656,Npas2
3659,Txn1
3661,Twist1
3666,Pnpt1
3668,Smug1
3674,Sipa1
3675,Xrcc1
3685,Srebf2
3686,Trp53
3727,Chd6
3728,Fbxo6
3733,Trf
3734,Kdm2a
3735,Hsp90b1
3737,Ggn
3738,Sdf2l1
3742,Cdc7
3743,Dclre1c
3749,Kdm6b
3750,Acaa2
3751,Nploc4
3752,Fancd2
3755,Bid
3757,Bcar1
3758,Ei24
3759,Gab1
3760,Hdac1
3761,Traf6
3764,Helq
3767,Hist3h2a
3768,Zfp622
3770,Bcl2l2
3771,Eif2a
3772,Foxo4
3773,Sfpq
3777,Chchd6
3778,Alkbh1
3781,Gm5136
3782,Dclre1b
3791,Usp19
3795,Optn
3797,Erp44
3799,Hspa5
3803,Pdia3
3804,Npc1l1
3805,Terf2
3811,Grik2
3812,Tmem129
3815,Ell3
3816,Grb2
3817,Mul1
3819,Pik3c2b
3820,Morf4l1
3823,Pdia2
3825,Wac
3827,Traf4
3828,Rragc
3830,Serpinb3d
3831,Wnt9b
3832,Daxx
3834,Rasa3
3835,Sumo1
3836,Zbtb38
3837,Rnf169
3839,Gnb1
3840,Pdilt
3842,Chrna4
3843,Acd
3844,Nup93
3845,Abl1
3853,Ddx39b
3855,Pkd2
3859,Card9
3863,Smc5
3868,Usp7
3871,Palb2
3874,Pomt1
3875,Parpbp
3878,Polm
3881,Sod1
3913,Mtch2
3914,Ube2v2
3917,Ocm
3919,Zbtb1
3922,Trrap
3923,Hsph1
3927,Psmc5
3928,Bcl2l11
3933,Pole2
3934,Ddx5
3935,Gm20431
3936,Tnxb
3937,Men1
3939,Stc2
3941,Spata18
3943,Hdac3
3945,Scap
3946,Pdk2
3947,Tm7sf3
3949,Ube2j1
3952,Herpud1
3961,Nuggc
3962,Mnd1
3963,Clock
3965,Rasgrf1
3966,Tsc1
3967,Tmbim6
3976,Cers2
3978,Pola1
3980,Polq
3990,Rhbdd1
3993,Lig4
4012,Mms19
4014,Fem1b
4015,Bag6
4022,Chchd4
4024,Atxn3
4028,Prkcg
4029,Tnrc6a
4030,Rfc5
4031,Tcf7l2
4032,Pgap2
4037,Sesn3
4039,Bcl2l12
4041,Rbm11
4042,Mir451a
4043,Cdk9
4046,Smarcb1
4047,Blm
4053,Bard1
4055,Rad9a
4062,Wfs1
4070,Mir9-2
4071,Aqp1
4077,Paxip1
4080,Erp29
4081,Pik3r2
4082,Psmc3
4083,Yap1
4084,Mir9-3
4085,Zfp36
4086,Ankzf1
4089,Rela
4091,Eme2
4096,Hpf1
4097,Hacd3
4098,Usp13
4100,Pdia5
4101,Cul4b
4104,Rnf7
4105,Mdfi
4106,Sfrp5
4107,Bag5
4108,Stk4
4109,Tbx3
4110,Poln
4112,Fignl1
4114,Fign
4115,Zfp110
4116,Ube2j2
4118,Donson
4120,Edar
4121,Gabarapl2
4122,Ehmt2
4123,Vasn
4124,Suv39h2
4125,Rassf1
4126,Gtf2h4
4129,Tnfrsf1b
4130,Ripk1
4134,5330417C22Rik
4135,Scara5
4136,Saxo1
4137,Ino80c
4139,Dctpp1
4140,Pdk4
4141,Phlda3
4142,Aptx
4149,Asf1a
4150,Alkbh7
4151,Snw1
4152,Fnip2
4154,Chd2
4155,Adnp2
4156,Dhx9
4158,Fancb
4163,Tlr3
4164,Cdc14b
4167,Ptpn1
4174,Ptpn2
4176,Ptprs
4178,Hus1
4184,Pycr2
4185,Casp9
4192,Dvl3
4193,Gins4
4194,Faf2
4196,Ubxn1
4197,Actl6a
4199,Ankrd2
4200,Gsk3b
4203,Inpp5f
4204,Ncoa7
4206,Melk
4207,Hif1a
